<!--
- Licensed Materials - Property of IBM* and/or HCL**
- UrbanCode Deploy
- (c) Copyright IBM Corporation 2011, 2017. All Rights Reserved.
- (c) Copyright HCL Technologies Ltd. 2018. All Rights Reserved.
-
- U.S. Government Users Restricted Rights - Use, duplication or disclosure restricted by
- GSA ADP Schedule Contract with IBM Corp.
-
- * Trademark of International Business Machines
- ** Trademark of HCL Technologies Limited
-->
<!--
    Licensed to the Apache Software Foundation (ASF) under one or more
    contributor license agreements.  See the NOTICE file distributed with
    this work for additional information regarding copyright ownership.
    The ASF licenses this file to You under the Apache License, Version 2.0
    (the "License"); you may not use this file except in compliance with
    the License.  You may obtain a copy of the License at
   
    http://www.apache.org/licenses/LICENSE-2.0
   
    Unless required by applicable law or agreed to in writing, software
    distributed under the License is distributed on an "AS IS" BASIS,
    WITHOUT WARRANTIES OR CONDITIONS OF ANY KIND, either express or implied.
    See the License for the specific language governing permissions and
    limitations under the License.
-->
<beans
  xmlns="http://www.springframework.org/schema/beans"
  xmlns:amq="http://activemq.apache.org/schema/core"
  xmlns:xsi="http://www.w3.org/2001/XMLSchema-instance"
  xsi:schemaLocation="http://www.springframework.org/schema/beans http://www.springframework.org/schema/beans/spring-beans-2.0.xsd
  http://activemq.apache.org/schema/core http://activemq.apache.org/schema/core/activemq-core.xsd">

    <!-- Allows us to use system properties as variables in this configuration file -->
    <bean class="org.springframework.beans.factory.config.PropertyPlaceholderConfigurer">
      <property name="location"><value>classpath:installed.properties</value></property>
      <property name="ignoreUnresolvablePlaceholders" value="false"/><!-- fail on unresolved ${} token -->
      <property name="order" value="0"/>
    </bean>

    <broker xmlns="http://activemq.apache.org/schema/core"
        brokerName="server-${server.brokerId}"
        useJmx="false"
        persistent="false" 
        useShutdownHook="false"
        networkConnectorStartAsync="true"
        deleteAllMessagesOnStartup="true">
              
        <destinationPolicy>
            <policyMap>
              <policyEntries>
                <policyEntry topic=">" producerFlowControl="true" memoryLimit="${server.activemq.topic.memory}">
                  <pendingMessageLimitStrategy>
                    <constantPendingMessageLimitStrategy limit="1"/>
                  </pendingMessageLimitStrategy>

                  <subscriptionRecoveryPolicy>
                    <noSubscriptionRecoveryPolicy/>
                  </subscriptionRecoveryPolicy>
                </policyEntry>

                <policyEntry queue=">" producerFlowControl="true" memoryLimit="${server.activemq.queue.memory}">
                  <pendingMessageLimitStrategy>
                    <constantPendingMessageLimitStrategy limit="1"/>
                  </pendingMessageLimitStrategy>

                  <subscriptionRecoveryPolicy>
                    <noSubscriptionRecoveryPolicy/>
                  </subscriptionRecoveryPolicy>
                </policyEntry>
              </policyEntries>
            </policyMap>
        </destinationPolicy> 

        <destinations>
          <topic physicalName="serverTopic"/>
          <topic physicalName="agentTopic"/>
          <queue physicalName="relayedAgentQueue"/>
        </destinations>
 
        <managementContext>
            <managementContext createConnector="false"/>
        </managementContext>

        <plugins>
          <discardingDLQBrokerPlugin dropAll="true" dropTemporaryTopics="true" dropTemporaryQueues="true" />
        </plugins>

        <systemUsage>
            <systemUsage>
                <memoryUsage>
                    <memoryUsage limit="${server.activemq.system.memory}"/>
                </memoryUsage>
            </systemUsage>
        </systemUsage>

        <!-- Configure the host/port which we will listen for connections from agents and relays. -->
        <transportConnectors>
          <transportConnector uri="ah3://${server.host}:${server.jms.port}?transport.enabledProtocols=${install.server.ssl.enabledProtocols}&amp;transport.enabledCipherSuites=${install.server.ssl.enabledCiphers}"/>
        </transportConnectors>

    </broker>
    
</beans>
