<?xml version="1.0" encoding="UTF-8"?>
<!--
- Licensed Materials - Property of IBM* and/or HCL**
- UrbanCode Deploy
- (c) Copyright IBM Corporation 2011, 2017. All Rights Reserved.
- (c) Copyright HCL Technologies Ltd. 2018. All Rights Reserved.
-
- U.S. Government Users Restricted Rights - Use, duplication or disclosure restricted by
- GSA ADP Schedule Contract with IBM Corp.
-
- * Trademark of International Business Machines
- ** Trademark of HCL Technologies Limited
-->
<template>
    <name>ApprovalFailed</name>
    <body>
      <![CDATA[
      ## BEGIN SECTION Subject
      An approval failed for the $application.getName() application on the $environment.getName() environment
      #if ($snapshot)
        , "$snapshot.getName()" snapshot
      #end
      ## END SECTION Subject
## BEGIN SECTION Body
## PROPERTY Content-Type: text/html

<!DOCTYPE html PUBLIC "-//W3C//DTD HTML 4.01 Transitional//EN">

<html>
<head>
<STYLE TYPE="text/css">
table.data-table td {
    vertical-align: top;
}

table.data-table
{
    font-family: arial, helvetica, sans-serif;
    font-size: 12px;
    background-color: #567596;
}

table.data-table caption
{
    padding-top: 10px;
    padding-bottom: 10px;
    text-align: left;
}

table.data-table th
{
    background-color: #cfdbef;
    height: 25px;
}

table.data-table td
{
    vertical-align: top;
}

table.data-table tr.odd
{
    background-color: #ffffff;
}

table.data-table tr.even
{
    background-color: #f6f6f6;
}

.data-table-button-bar
{
    padding-top: 10px;
    padding-bottom: 10px;
}

.data-table-container
{
    padding-top: 10px;
    padding-bottom: 10px;
}
</STYLE>
</head>
<body>

<h2>An application process was rejected during its approval process</h2>

<p>
<table>
  <tr><td>Application:</td>
      <td>$application.getName()</td>
  </tr>
  <tr><td>Environment:</td>
      <td>$environment.getName()</td>
  </tr>
  #if ($snapshot)
    <tr>
        <td>Snapshot:</td>
        <td>$snapshot.getName()</td>
    </tr>
  #end
  <tr><td>Requested by:</td>
      <td>$requester.getName()</td>
  </tr>
  <tr><td>Scheduled for:</td>
      <td>$scheduledDate</td>
  </tr>
  <tr><td>Description:</td>
      <td>
        #if ($request.getDescription())
          $request.getDescription()
        #end
      </td>
  </tr>
</table>
</p>

<h3>Approval details</h3>
<p>
    <table class="data-table" cellpadding="4" cellspacing="1" width="100%">
        <thead>
            <th style="text-align:left;">Task</th>
            <th style="text-align:left;">Type</th>
            <th style="text-align:left;">Status</th>
            <th style="text-align:left;">User</th>
            <th style="text-align:left;">Comment</th>
            <th style="text-align:left;">Date</th>
        </thead>
        <tbody>
            #foreach ($task in $tasks)
            #if ($velocityCount % 2 == 1)
              #set ($rowClass = "odd")
            #else
              #set ($rowClass = "even")
            #end
            <tr class="$rowClass">
                <td>$task.getName()</td>
                <td>$task.getTaskType()</td>
                <td>
                    #if ($task.getStatus().name() eq "CLOSED")
                        Complete
                    #else
                        $task.getStatus().name()
                    #end
                </td>
                <td>$task.getUser().getName()</td>
                <td>$task.getComment()</td>
                <td>$fn.formatUnixTime($task.getDateEnded())</td>
            </tr>
            #end
        </tbody>
    </table>
</p>

More information about this approval is available at <a href="$externalUrl/#$requestType/$processId">$externalUrl/#$requestType/$processId</a>.

<a href="$externalUrl">IBM UrbanCode Deploy</a>

</body>
</html>

## END SECTION Body
      ]]>
    </body>
    <description></description>
    <content-type>text/html</content-type>
</template>
