<?xml version="1.0" encoding="UTF-8"?>
<!--
- Licensed Materials - Property of IBM* and/or HCL**
- UrbanCode Deploy
- (c) Copyright IBM Corporation 2011, 2017. All Rights Reserved.
- (c) Copyright HCL Technologies Ltd. 2018. All Rights Reserved.
-
- U.S. Government Users Restricted Rights - Use, duplication or disclosure restricted by
- GSA ADP Schedule Contract with IBM Corp.
-
- * Trademark of International Business Machines
- ** Trademark of HCL Technologies Limited
-->
<template>
    <name>GenericProcessSuccess</name>
    <body>
      <![CDATA[
## BEGIN SECTION Subject
The $process.getName() process succeeded
## END SECTION Subject
## BEGIN SECTION Body
## PROPERTY Content-Type: text/html

<!DOCTYPE html PUBLIC "-//W3C//DTD HTML 4.01 Transitional//EN">

<html>

<head>
<title></title>
<STYLE TYPE="text/css">
table.data-table td {
    vertical-align: top;
}

table.data-table
{
    font-family: arial, helvetica, sans-serif;
    font-size: 12px;
    background-color: #567596;
}

table.data-table caption
{
    padding-top: 10px;
    padding-bottom: 10px;
    text-align: left;
}

table.data-table th
{
    background-color: #cfdbef;
    height: 25px;
}

table.data-table td
{
    vertical-align: top;
}

table.data-table tr.odd
{
    background-color: #ffffff;
}

table.data-table tr.even
{
    background-color: #f6f6f6;
}

.data-table-button-bar
{
    padding-top: 10px;
    padding-bottom: 10px;
}

.data-table-container
{
    padding-top: 10px;
    padding-bottom: 10px;
}
</STYLE>
</head>
<body>

<h2>The $process.getName() process succeeded</h2>
<table>
  <tr><td>Process:</td>
    <td>$process.getName()</td>
  </tr>
  #if ($resourceName)
    <tr><td>Resource:</td>
        <td>$resourceName</td>
    </tr>
  #end
  <tr><td>Requested by:</td>
      <td>$user.getName()</td>
  </tr>
  <tr><td>Requested on:</td>
      <td>$scheduledDate</td>
  </tr>
</table>

<br/>
More information about this process request is available at <a href="$externalUrl/#$requestType/$processId">$externalUrl/#$requestType/$processId</a>.
<br/>
<a href="$externalUrl">IBM UrbanCode Deploy</a>
<br/>

</body>
</html>

## END SECTION Body
      ]]>
    </body>
    <description></description>
    <content-type>text/html</content-type>
</template>
