<?xml version="1.0" encoding="UTF-8"?>
<!--
- Licensed Materials - Property of IBM* and/or HCL**
- UrbanCode Deploy
- (c) Copyright IBM Corporation 2011, 2017. All Rights Reserved.
- (c) Copyright HCL Technologies Ltd. 2018. All Rights Reserved.
-
- U.S. Government Users Restricted Rights - Use, duplication or disclosure restricted by
- GSA ADP Schedule Contract with IBM Corp.
-
- * Trademark of International Business Machines
- ** Trademark of HCL Technologies Limited
-->
<template>
    <name>TaskCreated</name>
    <body>
      <![CDATA[
      ## BEGIN SECTION Subject
      Task created
      #if ($taskDefinition)
        : $taskDefinition.getName()
      #end
      ## END SECTION Subject
## BEGIN SECTION Body
## PROPERTY Content-Type: text/html

<!DOCTYPE html PUBLIC "-//W3C//DTD HTML 4.01 Transitional//EN">

<html>
<body>
<h3>
    You are eligible to complete a new task. Please review the request and     approve or reject this task.
</h3>

<p>
  <table>
    #if ($task)
      <tr><td>Task:</td>
          <td>$task.getName()</td>
      </tr>
    #end
    #if ($roles)
      <tr><td>Roles:</td>
          <td>
            #foreach ($role in $roles)
              $role.getName()
              <br />
            #end
          </td>
      </tr>
      <tr><td> </td><td><br /></td></tr>
    #end
    #if ($application)
      <tr><td>Application:</td>
          <td>$application.getName()</td>
      </tr>
    #end
    #if ($environment)
      <tr><td>Environment:</td>
          <td>$environment.getName()</td>
      </tr>
    #end
    #if ($snapshot)
      <tr>
          <td>Snapshot:</td>
          <td>$snapshot.getName()</td>
      </tr>
    #end
    <tr><td>Process:</td>
      <td>$process.getName()</td>
    </tr>
    #if ($resourceName)
      <tr><td>Resource:</td>
          <td>$resourceName</td>
      </tr>
    #end
    <tr><td>Requested by:</td>
        <td>$user.getName()</td>
    </tr>
    <tr><td>Requested on:</td>
        <td>$scheduledDate</td>
    </tr>
    #if ($component)
      <tr><td>Component:</td>
          <td>$component.getName()</td>
      </tr>
    #end
    #if ($appRequest)
      <tr>
          <td>Request Description:</td>
          <td>$appRequest.getDescription()</td>
      </tr>
    #end
  </table>
  </p>

<br/>
More information about this task is available at <a href="$externalUrl/#$requestType/$processId">$externalUrl/#$requestType/$processId</a>.
<br/>
<a href="$externalUrl">IBM UrbanCode Deploy</a>
<br/>

</body>
</html>

## END SECTION Body
      ]]>
    </body>
    <description></description>
    <content-type>text/html</content-type>
</template>